{
  "id": "",
  "name": "",
  "font_family": "iconfont",
  "css_prefix_text": "icon-",
  "description": "",
  "glyphs": [
    {
      "icon_id": "36066",
      "name": "视频",
      "font_class": "shipin",
      "unicode": "f0024",
      "unicode_decimal": 983076
    },
    {
      "icon_id": "639372",
      "name": "图片",
      "font_class": "tupian",
      "unicode": "e650",
      "unicode_decimal": 58960
    },
    {
      "icon_id": "4143501",
      "name": "关于我们",
      "font_class": "guanyuwomen",
      "unicode": "e608",
      "unicode_decimal": 58888
    },
    {
      "icon_id": "6240907",
      "name": "商品",
      "font_class": "ziyuan",
      "unicode": "e60d",
      "unicode_decimal": 58893
    }
  ]
}
